filepath,label,is_defect,score,predicted_label,is_correct,error_type
/home/myri/patchcore-inspection/data/mvtec/fold_079/test/defective/1_calibration_1.2_000_1631441714.100000026_patches_patch_1543_2199_107.819_0_left.png,defect,1,0.5917026,1,True,True Positive
/home/myri/patchcore-inspection/data/mvtec/fold_079/test/defective/1_calibration_1.2_001_1631441714.200000024_patches_patch_1543_2199_107.928_0_left.png,defect,1,0.542319,1,True,True Positive
/home/myri/patchcore-inspection/data/mvtec/fold_079/test/defective/1_calibration_1.2_002_1631441714.300000021_patches_patch_1543_2199_107.928_0_left.png,defect,1,0.7210634,1,True,True Positive
/home/myri/patchcore-inspection/data/mvtec/fold_079/test/defective/1_calibration_1.2_003_1631441714.400000019_patches_patch_1543_2199_108.037_0_left.png,defect,1,0.7092174,1,True,True Positive
/home/myri/patchcore-inspection/data/mvtec/fold_079/test/defective/1_calibration_1.2_004_1631441714.500000016_patches_patch_1543_2199_108.037_0_left.png,defect,1,0.6721958,1,True,True Positive
/home/myri/patchcore-inspection/data/mvtec/fold_079/test/defective/1_calibration_1.2_005_1631441714.600000014_patches_patch_1543_2199_107.835_0_left.png,defect,1,0.8724172,1,True,True Positive
/home/myri/patchcore-inspection/data/mvtec/fold_079/test/defective/1_calibration_1.2_006_1631441714.700000011_patches_patch_1542_2199_107.571_0_left.png,defect,1,0.7573777,1,True,True Positive
/home/myri/patchcore-inspection/data/mvtec/fold_079/test/defective/1_calibration_1.2_007_1631441714.800000008_patches_patch_1543_2199_107.398_0_left.png,defect,1,0.77550846,1,True,True Positive
/home/myri/patchcore-inspection/data/mvtec/fold_079/test/defective/1_calibration_1.2_008_1631441714.900000005_patches_patch_1543_2199_107.343_0_left.png,defect,1,0.82794684,1,True,True Positive
/home/myri/patchcore-inspection/data/mvtec/fold_079/test/defective/1_calibration_1.2_009_1631441715.000000002_patches_patch_1542_2199_107.466_0_left.png,defect,1,0.7675616,1,True,True Positive
/home/myri/patchcore-inspection/data/mvtec/fold_079/test/defective/1_calibration_1.2_010_1631441715.100000031_patches_patch_1542_2199_107.896_0_left.png,defect,1,0.73700434,1,True,True Positive
/home/myri/patchcore-inspection/data/mvtec/fold_079/test/defective/1_calibration_1.2_011_1631441715.200000029_patches_patch_1543_2199_107.814_0_left.png,defect,1,0.6976127,1,True,True Positive
/home/myri/patchcore-inspection/data/mvtec/fold_079/test/defective/1_calibration_1.2_012_1631441715.300000026_patches_patch_1543_2199_107.814_0_left.png,defect,1,0.77143514,1,True,True Positive
/home/myri/patchcore-inspection/data/mvtec/fold_079/test/defective/1_calibration_1.2_013_1631441715.400000023_patches_patch_1543_2199_107.814_0_left.png,defect,1,0.7663839,1,True,True Positive
/home/myri/patchcore-inspection/data/mvtec/fold_079/test/defective/1_calibration_1.2_014_1631441715.500000022_patches_patch_1541_2199_107.768_0_left.png,defect,1,0.6941043,1,True,True Positive
/home/myri/patchcore-inspection/data/mvtec/fold_079/test/defective/1_calibration_1.2_015_1631441715.600000023_patches_patch_1541_2199_107.710_0_left.png,defect,1,0.7432313,1,True,True Positive
/home/myri/patchcore-inspection/data/mvtec/fold_079/test/defective/1_calibration_1.2_016_1631441715.700000024_patches_patch_1541_2199_107.700_0_left.png,defect,1,0.68527323,1,True,True Positive
/home/myri/patchcore-inspection/data/mvtec/fold_079/test/defective/1_calibration_1.2_017_1631441715.800000025_patches_patch_1542_2199_107.808_0_left.png,defect,1,0.7370059,1,True,True Positive
/home/myri/patchcore-inspection/data/mvtec/fold_079/test/defective/1_calibration_1.2_018_1631441715.900000026_patches_patch_1542_2199_107.808_0_left.png,defect,1,0.8086429,1,True,True Positive
/home/myri/patchcore-inspection/data/mvtec/fold_079/test/defective/1_calibration_1.2_019_1631441716.000000027_patches_patch_1541_2199_107.808_0_left.png,defect,1,0.85313916,1,True,True Positive
/home/myri/patchcore-inspection/data/mvtec/fold_079/test/defective/1_calibration_1.2_020_1631441716.100000027_patches_patch_1540_2199_107.354_0_left.png,defect,1,0.7182047,1,True,True Positive
/home/myri/patchcore-inspection/data/mvtec/fold_079/test/defective/1_calibration_1.2_021_1631441716.200000028_patches_patch_1541_2199_107.053_0_left.png,defect,1,0.62020963,1,True,True Positive
/home/myri/patchcore-inspection/data/mvtec/fold_079/test/defective/1_calibration_1.2_022_1631441716.300000029_patches_patch_1539_2199_107.455_0_left.png,defect,1,0.7223156,1,True,True Positive
/home/myri/patchcore-inspection/data/mvtec/fold_079/test/defective/1_calibration_1.2_023_1631441716.400000030_patches_patch_1539_2199_107.455_0_left.png,defect,1,0.7345495,1,True,True Positive
/home/myri/patchcore-inspection/data/mvtec/fold_079/test/defective/1_calibration_1.2_024_1631441716.500000011_patches_patch_1539_2199_107.547_0_left.png,defect,1,0.9761373,1,True,True Positive
/home/myri/patchcore-inspection/data/mvtec/fold_079/test/defective/1_calibration_1.2_025_1631441716.600000000_patches_patch_1539_2199_107.274_0_left.png,defect,1,0.8326381,1,True,True Positive
/home/myri/patchcore-inspection/data/mvtec/fold_079/test/defective/1_calibration_1.2_026_1631441716.700000020_patches_patch_1538_2199_107.492_0_left.png,defect,1,0.6249597,1,True,True Positive
/home/myri/patchcore-inspection/data/mvtec/fold_079/test/defective/1_calibration_1.2_027_1631441716.800000009_patches_patch_1539_2199_107.393_0_left.png,defect,1,0.8088394,1,True,True Positive
/home/myri/patchcore-inspection/data/mvtec/fold_079/test/defective/1_calibration_1.2_028_1631441716.900000029_patches_patch_1539_2199_107.393_0_left.png,defect,1,0.55170214,1,True,True Positive
/home/myri/patchcore-inspection/data/mvtec/fold_079/test/defective/1_calibration_1.2_029_1631441717.000000018_patches_patch_1538_2199_107.393_0_left.png,defect,1,0.51729876,1,True,True Positive
/home/myri/patchcore-inspection/data/mvtec/fold_079/test/defective/1_calibration_1.2_030_1631441717.100000006_patches_patch_1538_2199_107.613_0_left.png,defect,1,0.4236579,1,True,True Positive
/home/myri/patchcore-inspection/data/mvtec/fold_079/test/defective/1_calibration_1.2_031_1631441717.200000027_patches_patch_1541_2199_107.469_0_left.png,defect,1,0.501169,1,True,True Positive
/home/myri/patchcore-inspection/data/mvtec/fold_079/test/defective/1_calibration_1.2_032_1631441717.300000015_patches_patch_1543_2199_107.364_0_left.png,defect,1,0.3745706,1,True,True Positive
/home/myri/patchcore-inspection/data/mvtec/fold_079/test/defective/1_calibration_1.2_033_1631441717.400000004_patches_patch_1543_2199_107.364_0_left.png,defect,1,0.42787048,1,True,True Positive
/home/myri/patchcore-inspection/data/mvtec/fold_079/test/defective/1_calibration_1.2_034_1631441717.500000015_patches_patch_1544_2199_107.364_0_left.png,defect,1,0.48740143,1,True,True Positive
/home/myri/patchcore-inspection/data/mvtec/fold_079/test/defective/1_calibration_1.2_035_1631441717.600000021_patches_patch_1546_2199_107.892_0_left.png,defect,1,0.3231089,1,True,True Positive
/home/myri/patchcore-inspection/data/mvtec/fold_079/test/defective/1_calibration_1.2_036_1631441717.700000028_patches_patch_1548_2199_107.344_0_left.png,defect,1,0.34115237,1,True,True Positive
/home/myri/patchcore-inspection/data/mvtec/fold_079/test/defective/1_calibration_1.2_037_1631441717.800000002_patches_patch_1549_2199_107.295_0_left.png,defect,1,0.2972482,1,True,True Positive
/home/myri/patchcore-inspection/data/mvtec/fold_079/test/defective/1_calibration_1.2_038_1631441717.900000009_patches_patch_1550_2199_107.295_0_left.png,defect,1,0.3183214,1,True,True Positive
/home/myri/patchcore-inspection/data/mvtec/fold_079/test/defective/1_calibration_1.2_039_1631441718.000000015_patches_patch_1551_2199_107.295_0_left.png,defect,1,0.3602693,1,True,True Positive
/home/myri/patchcore-inspection/data/mvtec/fold_079/test/defective/1_calibration_1.2_040_1631441718.100000021_patches_patch_1552_2199_106.945_0_left.png,defect,1,0.36896825,1,True,True Positive
/home/myri/patchcore-inspection/data/mvtec/fold_079/test/defective/1_calibration_1.2_041_1631441718.200000028_patches_patch_1551_2199_107.127_0_left.png,defect,1,0.23263966,0,False,False Negative
/home/myri/patchcore-inspection/data/mvtec/fold_079/test/defective/1_calibration_1.2_042_1631441718.300000002_patches_patch_1551_2199_107.127_0_left.png,defect,1,0.31726506,1,True,True Positive
/home/myri/patchcore-inspection/data/mvtec/fold_079/test/defective/1_calibration_1.2_043_1631441718.400000009_patches_patch_1551_2199_107.078_0_left.png,defect,1,0.37444103,1,True,True Positive
/home/myri/patchcore-inspection/data/mvtec/fold_079/test/defective/1_calibration_1.2_044_1631441718.500000013_patches_patch_1551_2199_107.236_0_left.png,defect,1,0.35866264,1,True,True Positive
/home/myri/patchcore-inspection/data/mvtec/fold_079/test/defective/1_calibration_1.2_045_1631441718.600000016_patches_patch_1551_2199_107.526_0_left.png,defect,1,0.375881,1,True,True Positive
/home/myri/patchcore-inspection/data/mvtec/fold_079/test/defective/1_calibration_1.2_046_1631441718.700000019_patches_patch_1551_2199_107.526_0_left.png,defect,1,0.38318786,1,True,True Positive
/home/myri/patchcore-inspection/data/mvtec/fold_079/test/defective/1_calibration_1.2_047_1631441718.800000022_patches_patch_1551_2199_107.868_0_left.png,defect,1,0.40413505,1,True,True Positive
/home/myri/patchcore-inspection/data/mvtec/fold_079/test/defective/1_calibration_1.2_048_1631441718.900000025_patches_patch_1551_2199_107.526_0_left.png,defect,1,0.30670005,1,True,True Positive
/home/myri/patchcore-inspection/data/mvtec/fold_079/test/defective/1_calibration_1.2_049_1631441719.000000028_patches_patch_1552_2199_107.182_0_left.png,defect,1,0.29390863,1,True,True Positive
/home/myri/patchcore-inspection/data/mvtec/fold_079/test/defective/1_calibration_1.2_050_1631441719.100000031_patches_patch_1552_2199_107.475_0_left.png,defect,1,0.30648622,1,True,True Positive
/home/myri/patchcore-inspection/data/mvtec/fold_079/test/defective/1_calibration_1.2_051_1631441719.200000002_patches_patch_1550_2199_107.796_0_left.png,defect,1,0.26468092,0,False,False Negative
/home/myri/patchcore-inspection/data/mvtec/fold_079/test/defective/1_calibration_1.2_052_1631441719.300000006_patches_patch_1551_2199_107.475_0_left.png,defect,1,0.35493916,1,True,True Positive
/home/myri/patchcore-inspection/data/mvtec/fold_079/test/defective/1_calibration_1.2_053_1631441719.400000009_patches_patch_1551_2199_107.152_0_left.png,defect,1,0.35968032,1,True,True Positive
/home/myri/patchcore-inspection/data/mvtec/fold_079/test/defective/1_calibration_1.2_054_1631441719.500000009_patches_patch_1552_2199_107.475_0_left.png,defect,1,0.30010688,1,True,True Positive
/home/myri/patchcore-inspection/data/mvtec/fold_079/test/defective/1_calibration_1.2_055_1631441719.600000009_patches_patch_1550_2199_107.488_0_left.png,defect,1,0.29473296,1,True,True Positive
/home/myri/patchcore-inspection/data/mvtec/fold_079/test/defective/1_calibration_1.2_056_1631441719.700000009_patches_patch_1551_2199_107.601_0_left.png,defect,1,0.36862484,1,True,True Positive
/home/myri/patchcore-inspection/data/mvtec/fold_079/test/defective/1_calibration_1.2_057_1631441719.800000009_patches_patch_1552_2199_107.603_0_left.png,defect,1,0.55433136,1,True,True Positive
/home/myri/patchcore-inspection/data/mvtec/fold_079/test/defective/1_calibration_1.2_058_1631441719.900000009_patches_patch_1550_2199_107.603_0_left.png,defect,1,0.53488,1,True,True Positive
/home/myri/patchcore-inspection/data/mvtec/fold_079/test/defective/1_calibration_1.2_059_1631441720.000000009_patches_patch_1551_2199_107.751_0_left.png,defect,1,0.5397717,1,True,True Positive
/home/myri/patchcore-inspection/data/mvtec/fold_079/test/defective/1_calibration_1.2_060_1631441720.100000008_patches_patch_1551_2199_107.374_0_left.png,defect,1,0.45149377,1,True,True Positive
/home/myri/patchcore-inspection/data/mvtec/fold_079/test/defective/1_calibration_1.2_061_1631441720.200000008_patches_patch_1552_2199_107.694_0_left.png,defect,1,0.5113146,1,True,True Positive
/home/myri/patchcore-inspection/data/mvtec/fold_079/test/defective/1_calibration_1.2_062_1631441720.300000008_patches_patch_1552_2199_107.694_0_left.png,defect,1,0.4875981,1,True,True Positive
/home/myri/patchcore-inspection/data/mvtec/fold_079/test/defective/1_calibration_1.2_063_1631441720.400000008_patches_patch_1551_2199_107.374_0_left.png,defect,1,0.5747646,1,True,True Positive
/home/myri/patchcore-inspection/data/mvtec/fold_079/test/defective/1_calibration_1.2_064_1631441720.500000011_patches_patch_1549_2199_107.694_0_left.png,defect,1,0.58064455,1,True,True Positive
/home/myri/patchcore-inspection/data/mvtec/fold_079/test/defective/1_calibration_1.2_065_1631441720.600000015_patches_patch_1546_2199_107.796_0_left.png,defect,1,0.65805787,1,True,True Positive
/home/myri/patchcore-inspection/data/mvtec/fold_079/test/defective/1_calibration_1.2_066_1631441720.700000019_patches_patch_1546_2199_107.751_0_left.png,defect,1,0.64227283,1,True,True Positive
/home/myri/patchcore-inspection/data/mvtec/fold_079/test/defective/1_calibration_1.2_067_1631441720.800000023_patches_patch_1547_2199_107.542_0_left.png,defect,1,0.7859741,1,True,True Positive
/home/myri/patchcore-inspection/data/mvtec/fold_079/test/defective/1_calibration_1.2_068_1631441720.900000027_patches_patch_1547_2199_107.700_0_left.png,defect,1,0.75966734,1,True,True Positive
/home/myri/patchcore-inspection/data/mvtec/fold_079/test/defective/1_calibration_1.2_069_1631441721.000000031_patches_patch_1547_2199_107.700_0_left.png,defect,1,0.75461787,1,True,True Positive
/home/myri/patchcore-inspection/data/mvtec/fold_079/test/defective/1_calibration_1.2_070_1631441721.100000003_patches_patch_1546_2199_107.592_0_left.png,defect,1,0.48508742,1,True,True Positive
/home/myri/patchcore-inspection/data/mvtec/fold_079/test/defective/1_calibration_1.2_071_1631441721.200000007_patches_patch_1545_2199_107.909_0_left.png,defect,1,0.43360114,1,True,True Positive
/home/myri/patchcore-inspection/data/mvtec/fold_079/test/defective/1_calibration_1.2_072_1631441721.300000011_patches_patch_1544_2199_108.329_0_left.png,defect,1,0.5275734,1,True,True Positive
/home/myri/patchcore-inspection/data/mvtec/fold_079/test/defective/1_calibration_1.2_073_1631441721.400000015_patches_patch_1544_2199_108.329_0_left.png,defect,1,0.40606567,1,True,True Positive
/home/myri/patchcore-inspection/data/mvtec/fold_079/test/defective/1_calibration_1.2_074_1631441721.500000011_patches_patch_1546_2199_108.435_0_left.png,defect,1,0.44180813,1,True,True Positive
/home/myri/patchcore-inspection/data/mvtec/fold_079/test/defective/1_calibration_1.2_075_1631441721.600000004_patches_patch_1546_2199_107.965_0_left.png,defect,1,0.58211094,1,True,True Positive
/home/myri/patchcore-inspection/data/mvtec/fold_079/test/defective/1_calibration_1.2_076_1631441721.700000030_patches_patch_1546_2199_108.122_0_left.png,defect,1,0.57336026,1,True,True Positive
/home/myri/patchcore-inspection/data/mvtec/fold_079/test/defective/1_calibration_1.2_077_1631441721.800000023_patches_patch_1544_2199_108.227_0_left.png,defect,1,0.5543132,1,True,True Positive
/home/myri/patchcore-inspection/data/mvtec/fold_079/test/defective/1_calibration_1.2_078_1631441721.900000017_patches_patch_1546_2199_108.383_0_left.png,defect,1,0.3104678,1,True,True Positive
/home/myri/patchcore-inspection/data/mvtec/fold_079/test/defective/1_calibration_1.2_079_1631441722.000000011_patches_patch_1545_2199_108.227_0_left.png,defect,1,0.3081044,1,True,True Positive
/home/myri/patchcore-inspection/data/mvtec/fold_079/test/defective/1_calibration_1.2_080_1631441722.100000004_patches_patch_1542_2199_108.383_0_left.png,defect,1,0.2568491,0,False,False Negative
/home/myri/patchcore-inspection/data/mvtec/fold_079/test/defective/1_calibration_1.2_081_1631441722.200000030_patches_patch_1543_2199_108.277_0_left.png,defect,1,0.5039908,1,True,True Positive
/home/myri/patchcore-inspection/data/mvtec/fold_079/test/defective/1_calibration_1.2_082_1631441722.300000024_patches_patch_1543_2199_108.435_0_left.png,defect,1,0.28335845,0,False,False Negative
/home/myri/patchcore-inspection/data/mvtec/fold_079/test/defective/1_calibration_1.2_083_1631441722.400000017_patches_patch_1542_2199_108.277_0_left.png,defect,1,0.32014397,1,True,True Positive
/home/myri/patchcore-inspection/data/mvtec/fold_079/test/defective/1_calibration_1.2_084_1631441722.500000024_patches_patch_1540_2199_108.225_0_left.png,defect,1,0.7709791,1,True,True Positive
/home/myri/patchcore-inspection/data/mvtec/fold_079/test/defective/1_calibration_1.2_085_1631441722.600000002_patches_patch_1539_2199_107.909_0_left.png,defect,1,0.6635386,1,True,True Positive
/home/myri/patchcore-inspection/data/mvtec/fold_079/test/defective/1_calibration_1.2_086_1631441722.700000012_patches_patch_1539_2199_108.276_0_left.png,defect,1,0.28193513,0,False,False Negative
/home/myri/patchcore-inspection/data/mvtec/fold_079/test/defective/1_calibration_1.2_087_1631441722.800000022_patches_patch_1539_2199_108.435_0_left.png,defect,1,0.32372966,1,True,True Positive
/home/myri/patchcore-inspection/data/mvtec/fold_079/test/defective/1_calibration_1.2_088_1631441722.900000000_patches_patch_1539_2199_108.276_0_left.png,defect,1,0.30359527,1,True,True Positive
/home/myri/patchcore-inspection/data/mvtec/fold_079/test/defective/1_calibration_1.2_089_1631441723.000000010_patches_patch_1538_2199_108.435_0_left.png,defect,1,0.3743724,1,True,True Positive
/home/myri/patchcore-inspection/data/mvtec/fold_079/test/defective/1_calibration_1.2_090_1631441723.100000020_patches_patch_1535_2199_108.741_0_left.png,defect,1,0.23868605,0,False,False Negative
/home/myri/patchcore-inspection/data/mvtec/fold_079/test/defective/1_calibration_1.2_091_1631441723.200000030_patches_patch_1533_2199_108.435_0_left.png,defect,1,0.29964593,1,True,True Positive
/home/myri/patchcore-inspection/data/mvtec/fold_079/test/defective/1_calibration_1.2_092_1631441723.300000007_patches_patch_1536_2199_108.329_0_left.png,defect,1,0.3232879,1,True,True Positive
/home/myri/patchcore-inspection/data/mvtec/fold_079/test/defective/1_calibration_1.2_093_1631441723.400000017_patches_patch_1541_2199_108.541_0_left.png,defect,1,0.3411311,1,True,True Positive
/home/myri/patchcore-inspection/data/mvtec/fold_079/test/defective/1_calibration_1.2_094_1631441723.500000014_patches_patch_1541_2199_108.541_0_left.png,defect,1,0.51104033,1,True,True Positive
/home/myri/patchcore-inspection/data/mvtec/fold_079/test/defective/1_calibration_1.2_095_1631441723.600000007_patches_patch_1538_2199_108.229_0_left.png,defect,1,0.23872447,0,False,False Negative
/home/myri/patchcore-inspection/data/mvtec/fold_079/test/defective/1_calibration_1.2_096_1631441723.700000001_patches_patch_1542_2199_108.435_0_left.png,defect,1,0.4286874,1,True,True Positive
/home/myri/patchcore-inspection/data/mvtec/fold_079/test/defective/1_calibration_1.2_097_1631441723.800000026_patches_patch_1540_2199_108.488_0_left.png,defect,1,0.74227816,1,True,True Positive
/home/myri/patchcore-inspection/data/mvtec/fold_079/test/defective/1_calibration_1.2_098_1631441723.900000020_patches_patch_1541_2199_108.277_0_left.png,defect,1,0.49465397,1,True,True Positive
/home/myri/patchcore-inspection/data/mvtec/fold_079/test/defective/1_calibration_1.2_099_1631441724.000000013_patches_patch_1545_2199_108.223_0_left.png,defect,1,0.38112688,1,True,True Positive
/home/myri/patchcore-inspection/data/mvtec/fold_079/test/good/14_signals_station_14.3_017_1631450781.800000025_patches_patch_2343_2199_83.400_0_right.png,good,0,0.066563256,0,True,True Negative
/home/myri/patchcore-inspection/data/mvtec/fold_079/test/good/14_signals_station_14.3_018_1631450781.900000000_patches_patch_2343_2199_83.400_0_right.png,good,0,0.031168036,0,True,True Negative
/home/myri/patchcore-inspection/data/mvtec/fold_079/test/good/14_signals_station_14.3_019_1631450782.000000006_patches_patch_2343_2199_83.400_0_right.png,good,0,0.118737906,0,True,True Negative
/home/myri/patchcore-inspection/data/mvtec/fold_079/test/good/14_signals_station_14.3_020_1631450782.100000012_patches_patch_2343_2199_83.400_0_right.png,good,0,0.11491533,0,True,True Negative
/home/myri/patchcore-inspection/data/mvtec/fold_079/test/good/14_signals_station_14.3_021_1631450782.200000019_patches_patch_2343_2199_83.400_0_right.png,good,0,0.06653893,0,True,True Negative
/home/myri/patchcore-inspection/data/mvtec/fold_079/test/good/14_signals_station_14.3_022_1631450782.300000025_patches_patch_2343_2199_83.400_0_right.png,good,0,0.22393201,0,True,True Negative
/home/myri/patchcore-inspection/data/mvtec/fold_079/test/good/14_signals_station_14.3_023_1631450782.400000006_patches_patch_2343_2199_83.400_0_right.png,good,0,0.10666275,0,True,True Negative
/home/myri/patchcore-inspection/data/mvtec/fold_079/test/good/14_signals_station_14.3_024_1631450782.500000021_patches_patch_2343_2199_83.400_0_right.png,good,0,0.13782695,0,True,True Negative
/home/myri/patchcore-inspection/data/mvtec/fold_079/test/good/14_signals_station_14.3_025_1631450782.600000004_patches_patch_2343_2199_83.400_0_right.png,good,0,0.09556636,0,True,True Negative
/home/myri/patchcore-inspection/data/mvtec/fold_079/test/good/14_signals_station_14.3_026_1631450782.700000019_patches_patch_2343_2199_83.400_0_right.png,good,0,0.11465489,0,True,True Negative
/home/myri/patchcore-inspection/data/mvtec/fold_079/test/good/17_signal_bridge_17.1_065_1631529304.600000004_patches_patch_2286_2199_82.530_0_right.png,good,0,0.41252744,1,False,False Positive
/home/myri/patchcore-inspection/data/mvtec/fold_079/test/good/17_signal_bridge_17.1_066_1631529304.700000002_patches_patch_2292_2199_82.430_0_right.png,good,0,0.18007499,0,True,True Negative
/home/myri/patchcore-inspection/data/mvtec/fold_079/test/good/17_signal_bridge_17.1_067_1631529304.800000031_patches_patch_2295_2199_82.446_0_right.png,good,0,0.24550201,0,True,True Negative
/home/myri/patchcore-inspection/data/mvtec/fold_079/test/good/17_signal_bridge_17.1_068_1631529304.900000017_patches_patch_2294_2199_82.364_0_right.png,good,0,0.21691479,0,True,True Negative
/home/myri/patchcore-inspection/data/mvtec/fold_079/test/good/17_signal_bridge_17.1_069_1631529305.000000003_patches_patch_2294_2199_82.364_0_right.png,good,0,0.33075815,1,False,False Positive
/home/myri/patchcore-inspection/data/mvtec/fold_079/test/good/17_signal_bridge_17.1_070_1631529305.100000021_patches_patch_2291_2199_82.471_0_right.png,good,0,0.35746595,1,False,False Positive
/home/myri/patchcore-inspection/data/mvtec/fold_079/test/good/17_signal_bridge_17.1_071_1631529305.200000008_patches_patch_2287_2199_82.471_0_right.png,good,0,0.23091032,0,True,True Negative
/home/myri/patchcore-inspection/data/mvtec/fold_079/test/good/17_signal_bridge_17.1_072_1631529305.300000026_patches_patch_2287_2199_82.471_0_right.png,good,0,0.2901685,0,True,True Negative
/home/myri/patchcore-inspection/data/mvtec/fold_079/test/good/17_signal_bridge_17.1_073_1631529305.400000012_patches_patch_2285_2199_82.134_0_right.png,good,0,0.38256225,1,False,False Positive
/home/myri/patchcore-inspection/data/mvtec/fold_079/test/good/17_signal_bridge_17.1_074_1631529305.500000030_patches_patch_2285_2199_82.134_0_right.png,good,0,0.32249302,1,False,False Positive
/home/myri/patchcore-inspection/data/mvtec/fold_079/test/good/19_vegetation_curve_19.1_212_1631702348.300000007_patches_patch_1845_2199_76.106_0_right.png,good,0,0.24902111,0,True,True Negative
/home/myri/patchcore-inspection/data/mvtec/fold_079/test/good/19_vegetation_curve_19.1_213_1631702348.400000010_patches_patch_1843_2199_76.109_0_right.png,good,0,0.2703499,0,True,True Negative
/home/myri/patchcore-inspection/data/mvtec/fold_079/test/good/19_vegetation_curve_19.1_214_1631702348.500000013_patches_patch_1838_2199_76.038_0_right.png,good,0,0.24630535,0,True,True Negative
/home/myri/patchcore-inspection/data/mvtec/fold_079/test/good/19_vegetation_curve_19.1_215_1631702348.600000016_patches_patch_1840_2199_75.964_0_right.png,good,0,0.2509625,0,True,True Negative
/home/myri/patchcore-inspection/data/mvtec/fold_079/test/good/19_vegetation_curve_19.1_216_1631702348.700000019_patches_patch_1844_2199_76.139_0_right.png,good,0,0.2988439,1,False,False Positive
/home/myri/patchcore-inspection/data/mvtec/fold_079/test/good/19_vegetation_curve_19.1_217_1631702348.800000022_patches_patch_1847_2199_76.171_0_right.png,good,0,0.3397239,1,False,False Positive
/home/myri/patchcore-inspection/data/mvtec/fold_079/test/good/19_vegetation_curve_19.1_218_1631702348.900000025_patches_patch_1845_2199_76.106_0_right.png,good,0,0.41679075,1,False,False Positive
/home/myri/patchcore-inspection/data/mvtec/fold_079/test/good/19_vegetation_curve_19.1_219_1631702349.000000029_patches_patch_1842_2199_75.750_0_right.png,good,0,0.24004588,0,True,True Negative
/home/myri/patchcore-inspection/data/mvtec/fold_079/test/good/19_vegetation_curve_19.1_220_1631702349.100000004_patches_patch_1839_2199_76.106_0_right.png,good,0,0.29984978,1,False,False Positive
/home/myri/patchcore-inspection/data/mvtec/fold_079/test/good/19_vegetation_curve_19.1_221_1631702349.200000011_patches_patch_1839_2199_76.106_0_right.png,good,0,0.34820774,1,False,False Positive
/home/myri/patchcore-inspection/data/mvtec/fold_079/test/good/20_vegetation_squirrel_20.1_000_1631716528.100000030_patches_patch_2618_2199_86.609_0_right.png,good,0,0.8689426,1,False,False Positive
/home/myri/patchcore-inspection/data/mvtec/fold_079/test/good/20_vegetation_squirrel_20.1_001_1631716528.200000002_patches_patch_2618_2199_87.010_0_right.png,good,0,0.86085343,1,False,False Positive
/home/myri/patchcore-inspection/data/mvtec/fold_079/test/good/20_vegetation_squirrel_20.1_002_1631716528.300000007_patches_patch_2616_2199_86.583_0_right.png,good,0,0.68047756,1,False,False Positive
/home/myri/patchcore-inspection/data/mvtec/fold_079/test/good/20_vegetation_squirrel_20.1_003_1631716528.400000011_patches_patch_2616_2199_86.558_0_right.png,good,0,0.3610358,1,False,False Positive
/home/myri/patchcore-inspection/data/mvtec/fold_079/test/good/20_vegetation_squirrel_20.1_004_1631716528.500000015_patches_patch_2616_2199_86.558_0_right.png,good,0,0.5770509,1,False,False Positive
/home/myri/patchcore-inspection/data/mvtec/fold_079/test/good/20_vegetation_squirrel_20.1_005_1631716528.600000020_patches_patch_2616_2199_86.158_0_right.png,good,0,0.5983136,1,False,False Positive
/home/myri/patchcore-inspection/data/mvtec/fold_079/test/good/20_vegetation_squirrel_20.1_006_1631716528.700000024_patches_patch_2617_2199_86.583_0_right.png,good,0,0.69417447,1,False,False Positive
/home/myri/patchcore-inspection/data/mvtec/fold_079/test/good/20_vegetation_squirrel_20.1_007_1631716528.800000029_patches_patch_2619_2199_86.186_0_right.png,good,0,0.6028448,1,False,False Positive
/home/myri/patchcore-inspection/data/mvtec/fold_079/test/good/20_vegetation_squirrel_20.1_008_1631716528.900000031_patches_patch_2621_2199_86.214_0_right.png,good,0,0.96323705,1,False,False Positive
/home/myri/patchcore-inspection/data/mvtec/fold_079/test/good/20_vegetation_squirrel_20.1_009_1631716529.000000025_patches_patch_2623_2199_86.634_0_right.png,good,0,0.74541724,1,False,False Positive
/home/myri/patchcore-inspection/data/mvtec/fold_079/test/good/2_station_berliner_tor_2.1_250_1631531385.100000031_patches_patch_2035_2199_79.711_0_right.png,good,0,0.15383889,0,True,True Negative
/home/myri/patchcore-inspection/data/mvtec/fold_079/test/good/2_station_berliner_tor_2.1_251_1631531385.200000029_patches_patch_2032_2199_79.679_0_right.png,good,0,0.1260591,0,True,True Negative
/home/myri/patchcore-inspection/data/mvtec/fold_079/test/good/2_station_berliner_tor_2.1_252_1631531385.300000028_patches_patch_2038_2199_79.599_0_right.png,good,0,0.08377956,0,True,True Negative
/home/myri/patchcore-inspection/data/mvtec/fold_079/test/good/2_station_berliner_tor_2.1_253_1631531385.400000026_patches_patch_2032_2199_79.599_0_right.png,good,0,0.09015453,0,True,True Negative
/home/myri/patchcore-inspection/data/mvtec/fold_079/test/good/2_station_berliner_tor_2.1_254_1631531385.500000026_patches_patch_2035_2199_79.775_0_right.png,good,0,0.13486329,0,True,True Negative
/home/myri/patchcore-inspection/data/mvtec/fold_079/test/good/2_station_berliner_tor_2.1_255_1631531385.600000029_patches_patch_2034_2199_79.680_0_right.png,good,0,0.11624543,0,True,True Negative
/home/myri/patchcore-inspection/data/mvtec/fold_079/test/good/2_station_berliner_tor_2.1_256_1631531385.700000000_patches_patch_2033_2199_79.820_0_right.png,good,0,0.09916153,0,True,True Negative
/home/myri/patchcore-inspection/data/mvtec/fold_079/test/good/2_station_berliner_tor_2.1_257_1631531385.800000004_patches_patch_2033_2199_79.820_0_right.png,good,0,0.12618689,0,True,True Negative
/home/myri/patchcore-inspection/data/mvtec/fold_079/test/good/2_station_berliner_tor_2.1_258_1631531385.900000007_patches_patch_2033_2199_79.820_0_right.png,good,0,0.09434509,0,True,True Negative
/home/myri/patchcore-inspection/data/mvtec/fold_079/test/good/2_station_berliner_tor_2.1_259_1631531386.000000010_patches_patch_2029_2199_79.881_0_right.png,good,0,0.09705549,0,True,True Negative
/home/myri/patchcore-inspection/data/mvtec/fold_079/test/good/3_fire_site_3.1_000_1631639431.100000001_patches_patch_2315_2199_82.381_0_right.png,good,0,0.05399438,0,True,True Negative
/home/myri/patchcore-inspection/data/mvtec/fold_079/test/good/3_fire_site_3.1_001_1631639431.200000029_patches_patch_2312_2199_82.453_0_right.png,good,0,0.3014196,1,False,False Positive
/home/myri/patchcore-inspection/data/mvtec/fold_079/test/good/3_fire_site_3.1_002_1631639431.300000025_patches_patch_2309_2199_83.412_0_right.png,good,0,0.35306132,1,False,False Positive
/home/myri/patchcore-inspection/data/mvtec/fold_079/test/good/3_fire_site_3.1_003_1631639431.400000020_patches_patch_2306_2199_82.758_0_right.png,good,0,0.21199028,0,True,True Negative
/home/myri/patchcore-inspection/data/mvtec/fold_079/test/good/3_fire_site_3.1_004_1631639431.500000013_patches_patch_2306_2199_82.606_0_right.png,good,0,0.32068762,1,False,False Positive
/home/myri/patchcore-inspection/data/mvtec/fold_079/test/good/3_fire_site_3.1_005_1631639431.600000000_patches_patch_2304_2199_82.615_0_right.png,good,0,0.25684527,0,True,True Negative
/home/myri/patchcore-inspection/data/mvtec/fold_079/test/good/3_fire_site_3.1_006_1631639431.700000019_patches_patch_2303_2199_82.678_0_right.png,good,0,0.25874618,0,True,True Negative
/home/myri/patchcore-inspection/data/mvtec/fold_079/test/good/3_fire_site_3.1_007_1631639431.800000006_patches_patch_2304_2199_83.322_0_right.png,good,0,0.065908454,0,True,True Negative
/home/myri/patchcore-inspection/data/mvtec/fold_079/test/good/3_fire_site_3.1_008_1631639431.900000025_patches_patch_2304_2199_82.857_0_right.png,good,0,0.26371574,0,True,True Negative
/home/myri/patchcore-inspection/data/mvtec/fold_079/test/good/3_fire_site_3.1_009_1631639432.000000012_patches_patch_2304_2199_82.958_0_right.png,good,0,0.38237938,1,False,False Positive
/home/myri/patchcore-inspection/data/mvtec/fold_079/test/good/3_fire_site_3.1_010_1631639432.100000031_patches_patch_2307_2199_82.606_0_right.png,good,0,0.2849513,0,True,True Negative
/home/myri/patchcore-inspection/data/mvtec/fold_079/test/good/3_fire_site_3.1_011_1631639432.200000018_patches_patch_2306_2199_82.740_0_right.png,good,0,0.22389795,0,True,True Negative
/home/myri/patchcore-inspection/data/mvtec/fold_079/test/good/3_fire_site_3.1_012_1631639432.300000005_patches_patch_2306_2199_82.678_0_right.png,good,0,0.24124485,0,True,True Negative
/home/myri/patchcore-inspection/data/mvtec/fold_079/test/good/3_fire_site_3.1_013_1631639432.400000024_patches_patch_2311_2199_82.506_0_right.png,good,0,0.015978388,0,True,True Negative
/home/myri/patchcore-inspection/data/mvtec/fold_079/test/good/3_fire_site_3.1_014_1631639432.500000010_patches_patch_2312_2199_82.497_0_right.png,good,0,0.05312062,0,True,True Negative
/home/myri/patchcore-inspection/data/mvtec/fold_079/test/good/3_fire_site_3.1_015_1631639432.600000027_patches_patch_2312_2199_82.497_0_right.png,good,0,0.076056056,0,True,True Negative
/home/myri/patchcore-inspection/data/mvtec/fold_079/test/good/3_fire_site_3.1_016_1631639432.700000013_patches_patch_2312_2199_82.497_0_right.png,good,0,0.06439525,0,True,True Negative
/home/myri/patchcore-inspection/data/mvtec/fold_079/test/good/3_fire_site_3.1_017_1631639432.800000030_patches_patch_2312_2199_82.497_0_right.png,good,0,0.070259325,0,True,True Negative
/home/myri/patchcore-inspection/data/mvtec/fold_079/test/good/3_fire_site_3.1_018_1631639432.900000015_patches_patch_2312_2199_82.578_0_right.png,good,0,0.024467587,0,True,True Negative
/home/myri/patchcore-inspection/data/mvtec/fold_079/test/good/3_fire_site_3.1_019_1631639433.000000000_patches_patch_2314_2199_82.314_0_right.png,good,0,0.16573273,0,True,True Negative
/home/myri/patchcore-inspection/data/mvtec/fold_079/test/good/3_fire_site_3.1_020_1631639433.100000017_patches_patch_2312_2199_82.497_0_right.png,good,0,0.05866408,0,True,True Negative
/home/myri/patchcore-inspection/data/mvtec/fold_079/test/good/3_fire_site_3.1_021_1631639433.200000002_patches_patch_2309_2199_82.694_0_right.png,good,0,0.24783826,0,True,True Negative
/home/myri/patchcore-inspection/data/mvtec/fold_079/test/good/3_fire_site_3.1_022_1631639433.300000020_patches_patch_2317_2199_82.202_0_right.png,good,0,0.06726724,0,True,True Negative
/home/myri/patchcore-inspection/data/mvtec/fold_079/test/good/3_fire_site_3.1_023_1631639433.400000005_patches_patch_2314_2199_82.430_0_right.png,good,0,0.0111471,0,True,True Negative
/home/myri/patchcore-inspection/data/mvtec/fold_079/test/good/3_fire_site_3.1_024_1631639433.500000022_patches_patch_2315_2199_82.400_0_right.png,good,0,0.012978871,0,True,True Negative
/home/myri/patchcore-inspection/data/mvtec/fold_079/test/good/3_fire_site_3.1_025_1631639433.600000007_patches_patch_2315_2199_82.454_0_right.png,good,0,0.025717536,0,True,True Negative
/home/myri/patchcore-inspection/data/mvtec/fold_079/test/good/3_fire_site_3.1_026_1631639433.700000024_patches_patch_2316_2199_82.581_0_right.png,good,0,0.056338575,0,True,True Negative
/home/myri/patchcore-inspection/data/mvtec/fold_079/test/good/3_fire_site_3.1_027_1631639433.800000009_patches_patch_2316_2199_82.664_0_right.png,good,0,0.09575612,0,True,True Negative
/home/myri/patchcore-inspection/data/mvtec/fold_079/test/good/3_fire_site_3.1_028_1631639433.900000025_patches_patch_2316_2199_82.591_0_right.png,good,0,0.03138161,0,True,True Negative
/home/myri/patchcore-inspection/data/mvtec/fold_079/test/good/3_fire_site_3.1_029_1631639434.000000010_patches_patch_2315_2199_82.683_0_right.png,good,0,0.16488841,0,True,True Negative
/home/myri/patchcore-inspection/data/mvtec/fold_079/test/good/3_fire_site_3.1_030_1631639434.100000027_patches_patch_2315_2199_82.747_0_right.png,good,0,0.41365242,1,False,False Positive
/home/myri/patchcore-inspection/data/mvtec/fold_079/test/good/3_fire_site_3.1_031_1631639434.200000012_patches_patch_2315_2199_82.829_0_right.png,good,0,0.3650955,1,False,False Positive
/home/myri/patchcore-inspection/data/mvtec/fold_079/test/good/3_fire_site_3.1_032_1631639434.300000029_patches_patch_2315_2199_82.838_0_right.png,good,0,0.27784827,0,True,True Negative
/home/myri/patchcore-inspection/data/mvtec/fold_079/test/good/3_fire_site_3.1_033_1631639434.400000014_patches_patch_2316_2199_82.737_0_right.png,good,0,0.35252506,1,False,False Positive
/home/myri/patchcore-inspection/data/mvtec/fold_079/test/good/3_fire_site_3.1_034_1631639434.500000031_patches_patch_2316_2199_82.737_0_right.png,good,0,0.28287777,0,True,True Negative
/home/myri/patchcore-inspection/data/mvtec/fold_079/test/good/3_fire_site_3.1_035_1631639434.600000017_patches_patch_2316_2199_82.674_0_right.png,good,0,0.3270731,1,False,False Positive
/home/myri/patchcore-inspection/data/mvtec/fold_079/test/good/3_fire_site_3.1_036_1631639434.700000004_patches_patch_2319_2199_82.829_0_right.png,good,0,0.15461226,0,True,True Negative
/home/myri/patchcore-inspection/data/mvtec/fold_079/test/good/3_fire_site_3.1_037_1631639434.800000022_patches_patch_2317_2199_82.912_0_right.png,good,0,0.24563517,0,True,True Negative
/home/myri/patchcore-inspection/data/mvtec/fold_079/test/good/3_fire_site_3.1_038_1631639434.900000008_patches_patch_2318_2199_82.994_0_right.png,good,0,0.27021798,0,True,True Negative
/home/myri/patchcore-inspection/data/mvtec/fold_079/test/good/3_fire_site_3.1_039_1631639435.000000026_patches_patch_2318_2199_82.856_0_right.png,good,0,0.22752053,0,True,True Negative
/home/myri/patchcore-inspection/data/mvtec/fold_079/test/good/3_fire_site_3.1_040_1631639435.100000012_patches_patch_2319_2199_83.178_0_right.png,good,0,0.2896666,0,True,True Negative
/home/myri/patchcore-inspection/data/mvtec/fold_079/test/good/3_fire_site_3.1_041_1631639435.200000030_patches_patch_2320_2199_83.172_0_right.png,good,0,0.2629552,0,True,True Negative
/home/myri/patchcore-inspection/data/mvtec/fold_079/test/good/3_fire_site_3.1_042_1631639435.300000016_patches_patch_2321_2199_83.172_0_right.png,good,0,0.25425524,0,True,True Negative
/home/myri/patchcore-inspection/data/mvtec/fold_079/test/good/3_fire_site_3.1_043_1631639435.400000002_patches_patch_2320_2199_83.322_0_right.png,good,0,0.208611,0,True,True Negative
/home/myri/patchcore-inspection/data/mvtec/fold_079/test/good/3_fire_site_3.1_044_1631639435.500000025_patches_patch_2321_2199_82.919_0_right.png,good,0,0.2850558,0,True,True Negative
/home/myri/patchcore-inspection/data/mvtec/fold_079/test/good/3_fire_site_3.1_045_1631639435.600000025_patches_patch_2323_2199_82.832_0_right.png,good,0,0.28302938,0,True,True Negative
/home/myri/patchcore-inspection/data/mvtec/fold_079/test/good/3_fire_site_3.1_046_1631639435.700000024_patches_patch_2324_2199_83.047_0_right.png,good,0,0.2671829,0,True,True Negative
/home/myri/patchcore-inspection/data/mvtec/fold_079/test/good/3_fire_site_3.1_047_1631639435.800000024_patches_patch_2326_2199_83.047_0_right.png,good,0,0.22827418,0,True,True Negative
/home/myri/patchcore-inspection/data/mvtec/fold_079/test/good/3_fire_site_3.1_048_1631639435.900000023_patches_patch_2329_2199_82.744_0_right.png,good,0,0.32408586,1,False,False Positive
/home/myri/patchcore-inspection/data/mvtec/fold_079/test/good/3_fire_site_3.1_049_1631639436.000000023_patches_patch_2333_2199_83.679_0_right.png,good,0,0.22537377,0,True,True Negative
/home/myri/patchcore-inspection/data/mvtec/fold_079/test/good/3_fire_site_3.1_050_1631639436.100000023_patches_patch_2330_2199_83.835_0_right.png,good,0,0.15546349,0,True,True Negative
/home/myri/patchcore-inspection/data/mvtec/fold_079/test/good/3_fire_site_3.1_051_1631639436.200000022_patches_patch_2330_2199_83.465_0_right.png,good,0,0.14253788,0,True,True Negative
/home/myri/patchcore-inspection/data/mvtec/fold_079/test/good/3_fire_site_3.1_052_1631639436.300000022_patches_patch_2332_2199_83.640_0_right.png,good,0,0.1870638,0,True,True Negative
/home/myri/patchcore-inspection/data/mvtec/fold_079/test/good/3_fire_site_3.1_053_1631639436.400000021_patches_patch_2333_2199_83.348_0_right.png,good,0,0.1595488,0,True,True Negative
/home/myri/patchcore-inspection/data/mvtec/fold_079/test/good/3_fire_site_3.1_054_1631639436.500000018_patches_patch_2329_2199_83.816_0_right.png,good,0,0.22954307,0,True,True Negative
/home/myri/patchcore-inspection/data/mvtec/fold_079/test/good/3_fire_site_3.1_055_1631639436.600000012_patches_patch_2330_2199_83.835_0_right.png,good,0,0.20255563,0,True,True Negative
/home/myri/patchcore-inspection/data/mvtec/fold_079/test/good/3_fire_site_3.1_056_1631639436.700000005_patches_patch_2337_2199_83.249_0_right.png,good,0,0.17837356,0,True,True Negative
/home/myri/patchcore-inspection/data/mvtec/fold_079/test/good/3_fire_site_3.1_057_1631639436.800000031_patches_patch_2340_2199_83.332_0_right.png,good,0,0.31186628,1,False,False Positive
/home/myri/patchcore-inspection/data/mvtec/fold_079/test/good/3_fire_site_3.1_058_1631639436.900000025_patches_patch_2340_2199_83.260_0_right.png,good,0,0.1387888,0,True,True Negative
/home/myri/patchcore-inspection/data/mvtec/fold_079/test/good/3_fire_site_3.1_059_1631639437.000000018_patches_patch_2342_2199_83.331_0_right.png,good,0,0.123033464,0,True,True Negative
/home/myri/patchcore-inspection/data/mvtec/fold_079/test/good/3_fire_site_3.1_060_1631639437.100000012_patches_patch_2341_2199_83.331_0_right.png,good,0,0.14758223,0,True,True Negative
/home/myri/patchcore-inspection/data/mvtec/fold_079/test/good/3_fire_site_3.1_061_1631639437.200000005_patches_patch_2342_2199_83.331_0_right.png,good,0,0.13873477,0,True,True Negative
/home/myri/patchcore-inspection/data/mvtec/fold_079/test/good/3_fire_site_3.1_062_1631639437.300000031_patches_patch_2342_2199_83.505_0_right.png,good,0,0.1531938,0,True,True Negative
/home/myri/patchcore-inspection/data/mvtec/fold_079/test/good/3_fire_site_3.1_063_1631639437.400000024_patches_patch_2344_2199_83.564_0_right.png,good,0,0.16735066,0,True,True Negative
/home/myri/patchcore-inspection/data/mvtec/fold_079/test/good/3_fire_site_3.1_064_1631639437.500000020_patches_patch_2343_2199_83.505_0_right.png,good,0,0.18463074,0,True,True Negative
/home/myri/patchcore-inspection/data/mvtec/fold_079/test/good/3_fire_site_3.1_065_1631639437.600000019_patches_patch_2344_2199_83.331_0_right.png,good,0,0.108280696,0,True,True Negative
/home/myri/patchcore-inspection/data/mvtec/fold_079/test/good/3_fire_site_3.1_066_1631639437.700000018_patches_patch_2343_2199_82.810_0_right.png,good,0,0.13719417,0,True,True Negative
/home/myri/patchcore-inspection/data/mvtec/fold_079/test/good/3_fire_site_3.1_067_1631639437.800000016_patches_patch_2347_2199_83.309_0_right.png,good,0,0.32447433,1,False,False Positive
/home/myri/patchcore-inspection/data/mvtec/fold_079/test/good/3_fire_site_3.1_068_1631639437.900000015_patches_patch_2348_2199_83.451_0_right.png,good,0,0.13415316,0,True,True Negative
/home/myri/patchcore-inspection/data/mvtec/fold_079/test/good/3_fire_site_3.1_069_1631639438.000000014_patches_patch_2349_2199_83.319_0_right.png,good,0,0.1274312,0,True,True Negative
/home/myri/patchcore-inspection/data/mvtec/fold_079/test/good/3_fire_site_3.1_070_1631639438.100000012_patches_patch_2348_2199_83.317_0_right.png,good,0,0.19294682,0,True,True Negative
/home/myri/patchcore-inspection/data/mvtec/fold_079/test/good/3_fire_site_3.1_071_1631639438.200000011_patches_patch_2348_2199_83.152_0_right.png,good,0,0.11619294,0,True,True Negative
/home/myri/patchcore-inspection/data/mvtec/fold_079/test/good/3_fire_site_3.1_072_1631639438.300000010_patches_patch_2348_2199_83.163_0_right.png,good,0,0.04270336,0,True,True Negative
/home/myri/patchcore-inspection/data/mvtec/fold_079/test/good/3_fire_site_3.1_073_1631639438.400000009_patches_patch_2349_2199_83.463_0_right.png,good,0,0.14746135,0,True,True Negative
/home/myri/patchcore-inspection/data/mvtec/fold_079/test/good/3_fire_site_3.1_074_1631639438.500000006_patches_patch_2348_2199_83.338_0_right.png,good,0,0.24823776,0,True,True Negative
/home/myri/patchcore-inspection/data/mvtec/fold_079/test/good/3_fire_site_3.1_075_1631639438.600000002_patches_patch_2345_2199_83.290_0_right.png,good,0,0.15771933,0,True,True Negative
/home/myri/patchcore-inspection/data/mvtec/fold_079/test/good/3_fire_site_3.1_076_1631639438.700000030_patches_patch_2345_2199_83.115_0_right.png,good,0,0.114846185,0,True,True Negative
/home/myri/patchcore-inspection/data/mvtec/fold_079/test/good/3_fire_site_3.1_077_1631639438.800000026_patches_patch_2345_2199_82.940_0_right.png,good,0,0.103744924,0,True,True Negative
/home/myri/patchcore-inspection/data/mvtec/fold_079/test/good/3_fire_site_3.1_078_1631639438.900000022_patches_patch_2345_2199_82.940_0_right.png,good,0,0.12848422,0,True,True Negative
/home/myri/patchcore-inspection/data/mvtec/fold_079/test/good/3_fire_site_3.1_079_1631639439.000000018_patches_patch_2345_2199_82.940_0_right.png,good,0,0.120873906,0,True,True Negative
/home/myri/patchcore-inspection/data/mvtec/fold_079/test/good/3_fire_site_3.1_080_1631639439.100000014_patches_patch_2344_2199_82.940_0_right.png,good,0,0.06543674,0,True,True Negative
/home/myri/patchcore-inspection/data/mvtec/fold_079/test/good/3_fire_site_3.1_081_1631639439.200000010_patches_patch_2344_2199_83.094_0_right.png,good,0,0.119195014,0,True,True Negative
/home/myri/patchcore-inspection/data/mvtec/fold_079/test/good/3_fire_site_3.1_082_1631639439.300000006_patches_patch_2343_2199_83.094_0_right.png,good,0,0.34651375,1,False,False Positive
/home/myri/patchcore-inspection/data/mvtec/fold_079/test/good/3_fire_site_3.1_083_1631639439.400000002_patches_patch_2343_2199_83.073_0_right.png,good,0,0.095819116,0,True,True Negative
/home/myri/patchcore-inspection/data/mvtec/fold_079/test/good/3_fire_site_3.1_084_1631639439.500000029_patches_patch_2343_2199_83.249_0_right.png,good,0,0.0875545,0,True,True Negative
/home/myri/patchcore-inspection/data/mvtec/fold_079/test/good/3_fire_site_3.1_085_1631639439.600000022_patches_patch_2343_2199_83.207_0_right.png,good,0,0.088858224,0,True,True Negative
/home/myri/patchcore-inspection/data/mvtec/fold_079/test/good/3_fire_site_3.1_086_1631639439.700000015_patches_patch_2344_2199_83.363_0_right.png,good,0,0.13701081,0,True,True Negative
/home/myri/patchcore-inspection/data/mvtec/fold_079/test/good/3_fire_site_3.1_087_1631639439.800000008_patches_patch_2347_2199_82.766_0_right.png,good,0,0.2846071,0,True,True Negative
/home/myri/patchcore-inspection/data/mvtec/fold_079/test/good/3_fire_site_3.1_088_1631639439.900000001_patches_patch_2344_2199_83.820_0_right.png,good,0,0.10489475,0,True,True Negative
/home/myri/patchcore-inspection/data/mvtec/fold_079/test/good/3_fire_site_3.1_089_1631639440.000000026_patches_patch_2344_2199_83.538_0_right.png,good,0,0.13446431,0,True,True Negative
/home/myri/patchcore-inspection/data/mvtec/fold_079/test/good/3_fire_site_3.1_090_1631639440.100000019_patches_patch_2345_2199_83.397_0_right.png,good,0,0.119897455,0,True,True Negative
/home/myri/patchcore-inspection/data/mvtec/fold_079/test/good/3_fire_site_3.1_091_1631639440.200000011_patches_patch_2345_2199_83.215_0_right.png,good,0,0.11422236,0,True,True Negative
/home/myri/patchcore-inspection/data/mvtec/fold_079/test/good/3_fire_site_3.1_092_1631639440.300000004_patches_patch_2345_2199_83.215_0_right.png,good,0,0.20731649,0,True,True Negative
/home/myri/patchcore-inspection/data/mvtec/fold_079/test/good/3_fire_site_3.1_093_1631639440.400000029_patches_patch_2345_2199_83.215_0_right.png,good,0,0.17076863,0,True,True Negative
/home/myri/patchcore-inspection/data/mvtec/fold_079/test/good/3_fire_site_3.1_094_1631639440.500000021_patches_patch_2345_2199_83.215_0_right.png,good,0,0.12381426,0,True,True Negative
/home/myri/patchcore-inspection/data/mvtec/fold_079/test/good/3_fire_site_3.1_095_1631639440.600000012_patches_patch_2345_2199_83.215_0_right.png,good,0,0.11116702,0,True,True Negative
/home/myri/patchcore-inspection/data/mvtec/fold_079/test/good/3_fire_site_3.1_096_1631639440.700000002_patches_patch_2345_2199_83.237_0_right.png,good,0,0.11285411,0,True,True Negative
/home/myri/patchcore-inspection/data/mvtec/fold_079/test/good/3_fire_site_3.1_097_1631639440.800000025_patches_patch_2345_2199_83.237_0_right.png,good,0,0.22998072,0,True,True Negative
/home/myri/patchcore-inspection/data/mvtec/fold_079/test/good/3_fire_site_3.1_098_1631639440.900000015_patches_patch_2345_2199_83.237_0_right.png,good,0,0.18634112,0,True,True Negative
/home/myri/patchcore-inspection/data/mvtec/fold_079/test/good/3_fire_site_3.1_099_1631639441.000000006_patches_patch_2345_2199_83.237_0_right.png,good,0,0.19900578,0,True,True Negative
/home/myri/patchcore-inspection/data/mvtec/fold_079/test/good/5_station_bergedorf_5.2_669_1631529960.000000004_patches_patch_1562_2199_106.661_0_left.png,good,0,0.03597295,0,True,True Negative
/home/myri/patchcore-inspection/data/mvtec/fold_079/test/good/5_station_bergedorf_5.2_670_1631529960.100000009_patches_patch_1561_2199_106.220_0_left.png,good,0,0.24999833,0,True,True Negative
/home/myri/patchcore-inspection/data/mvtec/fold_079/test/good/5_station_bergedorf_5.2_671_1631529960.200000009_patches_patch_1554_2199_106.164_0_left.png,good,0,0.32755965,1,False,False Positive
/home/myri/patchcore-inspection/data/mvtec/fold_079/test/good/5_station_bergedorf_5.2_672_1631529960.300000008_patches_patch_1550_2199_106.220_0_left.png,good,0,0.14255017,0,True,True Negative
/home/myri/patchcore-inspection/data/mvtec/fold_079/test/good/5_station_bergedorf_5.2_673_1631529960.400000006_patches_patch_1547_2199_106.220_0_left.png,good,0,0.061759114,0,True,True Negative
/home/myri/patchcore-inspection/data/mvtec/fold_079/test/good/5_station_bergedorf_5.2_674_1631529960.500000005_patches_patch_1542_2199_105.781_0_left.png,good,0,0.1448265,0,True,True Negative
/home/myri/patchcore-inspection/data/mvtec/fold_079/test/good/5_station_bergedorf_5.2_675_1631529960.600000003_patches_patch_1538_2199_105.890_0_left.png,good,0,0.10368219,0,True,True Negative
/home/myri/patchcore-inspection/data/mvtec/fold_079/test/good/5_station_bergedorf_5.2_676_1631529960.700000002_patches_patch_1536_2199_105.751_0_left.png,good,0,0.21127965,0,True,True Negative
/home/myri/patchcore-inspection/data/mvtec/fold_079/test/good/5_station_bergedorf_5.2_677_1631529960.800000000_patches_patch_1535_2199_105.697_0_left.png,good,0,0.111760624,0,True,True Negative
/home/myri/patchcore-inspection/data/mvtec/fold_079/test/good/5_station_bergedorf_5.2_678_1631529960.900000031_patches_patch_1527_2199_105.945_0_left.png,good,0,0.46218017,1,False,False Positive
/home/myri/patchcore-inspection/data/mvtec/fold_079/test/good/6_station_klein_flottbek_6.1_017_1631704637.800000024_patches_patch_1350_2199_114.963_-1_left.png,good,0,0.035316605,0,True,True Negative
/home/myri/patchcore-inspection/data/mvtec/fold_079/test/good/6_station_klein_flottbek_6.1_018_1631704637.900000005_patches_patch_1417_2199_106.314_-1_left.png,good,0,0.3632619,1,False,False Positive
/home/myri/patchcore-inspection/data/mvtec/fold_079/test/good/6_station_klein_flottbek_6.1_019_1631704638.000000013_patches_patch_1420_2199_105.945_-1_left.png,good,0,0.5906895,1,False,False Positive
/home/myri/patchcore-inspection/data/mvtec/fold_079/test/good/6_station_klein_flottbek_6.1_020_1631704638.100000020_patches_patch_1423_2199_106.966_-1_left.png,good,0,0.53103924,1,False,False Positive
/home/myri/patchcore-inspection/data/mvtec/fold_079/test/good/6_station_klein_flottbek_6.1_021_1631704638.200000028_patches_patch_1429_2199_102.784_-1_left.png,good,0,0.61473733,1,False,False Positive
/home/myri/patchcore-inspection/data/mvtec/fold_079/test/good/6_station_klein_flottbek_6.1_022_1631704638.300000003_patches_patch_1437_2199_110.251_-1_left.png,good,0,0.63411987,1,False,False Positive
/home/myri/patchcore-inspection/data/mvtec/fold_079/test/good/6_station_klein_flottbek_6.1_023_1631704638.400000011_patches_patch_1447_2199_106.123_-1_left.png,good,0,0.6424836,1,False,False Positive
/home/myri/patchcore-inspection/data/mvtec/fold_079/test/good/6_station_klein_flottbek_6.1_024_1631704638.500000019_patches_patch_1447_2199_106.123_-1_left.png,good,0,0.53731173,1,False,False Positive
/home/myri/patchcore-inspection/data/mvtec/fold_079/test/good/6_station_klein_flottbek_6.1_025_1631704638.600000026_patches_patch_1446_2199_101.262_-1_left.png,good,0,0.48383722,1,False,False Positive
/home/myri/patchcore-inspection/data/mvtec/fold_079/test/good/6_station_klein_flottbek_6.1_026_1631704638.700000002_patches_patch_1468_2199_103.759_-1_left.png,good,0,0.3562086,1,False,False Positive
/home/myri/patchcore-inspection/data/mvtec/fold_079/test/good/9_station_ruebenkamp_9.3_219_1631712689.500000025_patches_patch_2350_2199_83.428_0_right.png,good,0,0.108879164,0,True,True Negative
/home/myri/patchcore-inspection/data/mvtec/fold_079/test/good/9_station_ruebenkamp_9.3_220_1631712689.600000020_patches_patch_2352_2199_83.496_0_right.png,good,0,0.333866,1,False,False Positive
/home/myri/patchcore-inspection/data/mvtec/fold_079/test/good/9_station_ruebenkamp_9.3_221_1631712689.700000015_patches_patch_2354_2199_83.330_0_right.png,good,0,0.0,0,True,True Negative
/home/myri/patchcore-inspection/data/mvtec/fold_079/test/good/9_station_ruebenkamp_9.3_222_1631712689.800000010_patches_patch_2356_2199_83.356_0_right.png,good,0,0.020819664,0,True,True Negative
/home/myri/patchcore-inspection/data/mvtec/fold_079/test/good/9_station_ruebenkamp_9.3_223_1631712689.900000002_patches_patch_2356_2199_83.428_0_right.png,good,0,0.06579475,0,True,True Negative
/home/myri/patchcore-inspection/data/mvtec/fold_079/test/good/9_station_ruebenkamp_9.3_224_1631712690.000000020_patches_patch_2354_2199_83.433_0_right.png,good,0,0.25871903,0,True,True Negative
/home/myri/patchcore-inspection/data/mvtec/fold_079/test/good/9_station_ruebenkamp_9.3_225_1631712690.100000006_patches_patch_2357_2199_83.343_0_right.png,good,0,0.14061187,0,True,True Negative
/home/myri/patchcore-inspection/data/mvtec/fold_079/test/good/9_station_ruebenkamp_9.3_226_1631712690.200000024_patches_patch_2357_2199_83.474_0_right.png,good,0,0.05090677,0,True,True Negative
/home/myri/patchcore-inspection/data/mvtec/fold_079/test/good/9_station_ruebenkamp_9.3_227_1631712690.300000010_patches_patch_2356_2199_83.266_0_right.png,good,0,0.15096587,0,True,True Negative
/home/myri/patchcore-inspection/data/mvtec/fold_079/test/good/9_station_ruebenkamp_9.3_228_1631712690.400000028_patches_patch_2357_2199_83.127_0_right.png,good,0,0.103319824,0,True,True Negative
/home/myri/patchcore-inspection/data/mvtec/fold_079/test/good/9_station_ruebenkamp_9.6_097_1631712793.800000009_patches_patch_2284_2199_80.690_0_right.png,good,0,0.5582912,1,False,False Positive
/home/myri/patchcore-inspection/data/mvtec/fold_079/test/good/9_station_ruebenkamp_9.6_098_1631712793.900000018_patches_patch_2283_2199_81.369_0_right.png,good,0,0.4552531,1,False,False Positive
/home/myri/patchcore-inspection/data/mvtec/fold_079/test/good/9_station_ruebenkamp_9.6_099_1631712794.000000027_patches_patch_2283_2199_81.687_0_right.png,good,0,0.5261552,1,False,False Positive
/home/myri/patchcore-inspection/data/mvtec/fold_079/test/good/9_station_ruebenkamp_9.6_100_1631712794.100000004_patches_patch_2286_2199_81.431_0_right.png,good,0,0.46015504,1,False,False Positive
/home/myri/patchcore-inspection/data/mvtec/fold_079/test/good/9_station_ruebenkamp_9.6_101_1631712794.200000012_patches_patch_2288_2199_81.687_0_right.png,good,0,1.0,1,False,False Positive
/home/myri/patchcore-inspection/data/mvtec/fold_079/test/good/9_station_ruebenkamp_9.6_102_1631712794.300000021_patches_patch_2284_2199_81.833_0_right.png,good,0,0.4286613,1,False,False Positive
/home/myri/patchcore-inspection/data/mvtec/fold_079/test/good/9_station_ruebenkamp_9.6_103_1631712794.400000030_patches_patch_2287_2199_81.416_0_right.png,good,0,0.43207923,1,False,False Positive
/home/myri/patchcore-inspection/data/mvtec/fold_079/test/good/9_station_ruebenkamp_9.6_104_1631712794.500000007_patches_patch_2284_2199_81.416_0_right.png,good,0,0.4033102,1,False,False Positive
/home/myri/patchcore-inspection/data/mvtec/fold_079/test/good/9_station_ruebenkamp_9.6_105_1631712794.600000017_patches_patch_2284_2199_81.275_0_right.png,good,0,0.5344638,1,False,False Positive
/home/myri/patchcore-inspection/data/mvtec/fold_079/test/good/9_station_ruebenkamp_9.6_106_1631712794.700000004_patches_patch_2284_2199_81.341_0_right.png,good,0,0.5167136,1,False,False Positive
